DIVIPO,NIT,ORGANISMO,CATEGORIA,CIUDAD,DEPARTAMENTO,ESTADO
50006000,90008133141,ACACIAS-META (MCPAL ) MCPAL,A,ACACIAS,Meta,ACTIVO
20011000,,AGUACHICA-CESAR (MCPAL) MCPAL,A,AGUACHICA,Cesar,ACTIVO
17013000,80011508201,AGUADAS-CALDAS (MCPAL) MCPAL,A,AGUADAS,Caldas,ACTIVO
85010001,89209921661,AGUAZUL-CASANARE (DPTAL ) DPTAL,A,AGUAZUL,Casanare,ACTIVO
73026001,80011367271,ALVARADO-TOLIMA (DPTAL ) DPTAL,A,ALVARADO,Tolima,ACTIVO
5031000,8909815180,AMALFI-ANTIOQUIA (MCPAL) MCPAL,A,AMALFI,Antioquia,ACTIVO
76036000,89190044341,ANDALUCIA-VALLE (MCPAL) MCPAL,A,ANDALUCIA,Valle del Cauca,ACTIVO
5034000,80011468571,ANDES-ANTIOQUIA (MCPAL) MCPAL,A,ANDES,Antioquia,ACTIVO
17042000,,ANSERMA-CALDAS (MCPAL) MCPAL,A,ANSERMA,Caldas,ACTIVO
5045000,83006669531,APARTADO-ANTIOQUIA (MCPAL) MCPAL,A,APARTADO,Antioquia,ACTIVO
47053001,80010392061,ARACATACA-MAGDALENA (DPTAL ) DPTAL,A,ARACATACA,Magdalena,ACTIVO
17050001,,ARANZAZU - CALDAS (DEPTAL) DEPTAL,A,ARANZAZU,Caldas,ACTIVO
81001001,80011486951,ARAUCA-ARAUCA (DPTAL) DPTAL,A,ARAUCA,Arauca,ACTIVO
13052000,,ARJONA-BOLIVAR (MCPAL) MCPAL,A,ARJONA,Bolivar,ACTIVO
63001000,89000046431,ARMENIA-QUINDIO (MCPAL) MCPAL,A,ARMENIA,Quindio,ACTIVO
73055001,,ARMERO GUAYABAL TOLIMA (DEPTAL) DEPTAL,A,ARMERO,Tolima,ACTIVO
5079000,89098044571,BARBOSA-ANTIOQUIA (MCPAL) MCPAL,A,BARBOSA,Antioquia,ACTIVO
68077000,80011493851,BARBOSA-SANTANDER (MCPAL) MCPAL,A,BARBOSA,Santander,ACTIVO
68081000,89027094831,BARRANCABERMEJA-SANTANDER (MCPAL) MCPAL,A,BARRANCABERMEJA,Santander,ACTIVO
8001000,8901020181,BARRANQUILLA-ATLANTICO (MCPAL) MCPAL,A,BARRANQUILLA,Atlantico,ACTIVO
5088000,89098011211,BELLO-ANTIOQUIA (MCPAL) MCPAL,A,BELLO,Antioquia,ACTIVO
19100000,80009596121,BOLIVAR-CAUCA (MCPAL) MCPAL,A,BOLIVAR,Cauca,ACTIVO
20060000,90004054011,BOSCONIA-CESAR (MCPAL) MCPAL,A,BOSCONIA,Cesar,ACTIVO
68001000,89020410911,BUCARAMANGA-SANTANDER (MCPAL) MCPAL,A,BUCARAMANGA,Santander,ACTIVO
76109000,80011484661,BUENAVENTURA-VALLE (MCPAL) MCPAL,A,BUENAVENTURA,Valle del Cauca,ACTIVO
52110001,,BUESACO-NARIÑO (DPTAL ) DPTAL,A,BUESACO,Narino,ACTIVO
76122000,80011484801,CAICEDONIA-VALLE (MCPAL) MCPAL,A,CAICEDONIA,Valle del Cauca,ACTIVO
63130000,8900004414,CALARCA-QUINDIO (MCPAL) MCPAL,A,CALARCA,Quindio,ACTIVO
5129000,89098044711,CALDAS-ANTIOQUIA (MCPAL) MCPAL,A,CALDAS,Antioquia,ACTIVO
76001000,8903114250,CALI-VALLE (MCPAL) MCPAL,A,CALI,Valle del Cauca,ACTIVO
19142000,8915012927,CALOTO-CAUCA (MCPAL) MCPAL,A,CALOTO,Cauca,ACTIVO
41132001,80011500531,CAMPOALEGRE-HUILA (DPTAL) DPTAL,A,CAMPOALEGRE,Huila,ACTIVO
76130000,80020807731,CANDELARIA-VALLE (MCPAL) MCPAL,A,CANDELARIA,Valle del Cauca,ACTIVO
25151001,83003175701,CAQUEZA-CUNDINAMARCA (DPTAL) DPTAL,A,CAQUEZA,Cundinamarca,ACTIVO
25151001,83003175701,CAQUEZA-CUNDINAMARCA (DPTAL) DPTAL,A,CAQUEZA,Cundinamarca,ACTIVO
5147000,89009853168,CAREPA-ANTIOQUIA (MCPAL) MCPAL,B,CAREPA,Antioquia,ACTIVO
13244000,8001150995,CARMEN DE BOLIVAR-BOLIVAR (MCPAL) MCPAL,A,EL CARMEN DE BOLIVAR,Bolivar,ACTIVO
13001000,90017526751,CARTAGENA-BOLIVAR (MCPAL) MCPAL,A,CARTAGENA,Bolivar,ACTIVO
76147000,89190049321,CARTAGO-VALLE (MCPAL) MCPAL,A,CARTAGO,Valle del Cauca,ACTIVO
5154000,89090644521,CAUCASIA-ANTIOQUIA (MCPAL) MCPAL,A,CAUCASIA,Antioquia,ACTIVO
23162000,9001855934,CERETE-CORDOBA (MCPAL) MCPAL,A,CERETE,Cordoba,ACTIVO
52240001,80011497331,CHACHAGÜI-NARIÑO (DPTAL ) DPTAL,A,SANDONA,Narino,ACTIVO
73168001,,CHAPARRAL TOLIMA (DEPTAL) DEPTAL,A,CHAPARRAL,Tolima,ACTIVO
68167000,,CHARALA -SANTANDER (MCPAL) MCPAL,A,CHARALA,Santander,ACTIVO
25175000,90014562681,CHIA-CUNDINAMARCA (MCPAL) MCPAL,A,CHIA,Cundinamarca,ACTIVO
5172000,890980998,CHIGORODO-ANTIOQUIA (MCPAL) MCPAL,A,CHIGORODO,Antioquia,ACTIVO
17174000,89080113381,CHINCHINA-CALDAS (MCPAL) MCPAL,A,CHINCHINA,Caldas,ACTIVO
23182001,,CHINU-CORDOBA (DPTAL) DPTAL,A,CHINU,Cordoba,ACTIVO
15176000,89180047501,CHIQUINQUIRA-BOYACA (MCPAL) MCPAL,A,CHIQUINQUIRA,Boyaca,ACTIVO
25183001,83003175701,CHOCONTA-CUNDINAMARCA (DPTAL ) DPTAL,A,CHOCONTA,Cundinamarca,ACTIVO
47189000,81900464671,CIENAGA-MAGDALENA (MCPAL) MCPAL,A,CIENAGA,Magdalena,ACTIVO
63190001,890001536,CIRCASIA-QUINDIO (DPTAL ) DPTAL,A,CIRCASIA,Quindio,ACTIVO
5101000,80011469041,CIUDAD BOLIVAR-ANTIOQUIA (MCPAL) MCPAL,A,CIUDAD BOLIVAR,Antioquia,ACTIVO
15204001,89180106981,COMBITA-BOYACA (DPTAL ) DPTAL,A,COMBITA,Boyaca,ACTIVO
54206000,80009923691,CONVENCION-NORTE DE SANTANDER (MCPAL) MCPAL,A,CONVENCION,Norte de Santander,ACTIVO
5212000,89098076731,COPACABANA -ANTIOQUIA (MCPAL) MCPAL,A,COPACABANA,Antioquia,ACTIVO
70215000,82300193211,COROZAL-SUCRE (MCPAL) MCPAL,A,COROZAL,Sucre,ACTIVO
25214001,83003175701,COTA-CUNDINAMARCA (DPTAL) DPTAL,A,COTA,Cundinamarca,ACTIVO
54001000,,CUCUTA-NORTE DE SANTANDER (MCPAL) MCPAL,A,CUCUTA,Norte de Santander,ACTIVO
66170000,80009931061,DOSQUEBRADAS-RISARALDA (MCPAL) MCPAL,A,DOSQUEBRADAS,Risaralda,ACTIVO
15238000,89185513811,DUITAMA-BOYACA (MCPAL) MCPAL,A,DUITAMA,Boyaca,ACTIVO
47245000,90016533871,EL BANCO-MAGDALENA (MCPAL) MCPAL,A,EL BANCO,Magdalena,ACTIVO
5148000,890982616,EL CARMEN DE VIBORAL-ANTIOQUIA (MCPAL) MCPAL,A,EL CARMEN DE VIBORAL,Antioquia,ACTIVO
76248000,80025443911,EL CERRITO-VALLE (MCPAL) MCPAL,A,EL CERRITO,Valle del Cauca,ACTIVO
25260001,83003175701,EL ROSAL-CUNDINAMARCA (DPTAL ) DPTAL,A,EL ROSAL,Cundinamarca,ACTIVO
5697000,,EL SANTUARIO-ANTIOQUIA (MCPAL) MCPAL,A,EL SANTUARIO,Antioquia,ACTIVO
19256000,8915009786,EL TAMBO-CAUCA (MCPAL) MCPAL,A,EL TAMBO,Cauca,ACTIVO
54261000,80010392771,EL ZULIA -NORTE DE SANTANDER (MCPAL) MCPAL,A,EL ZULIA,Norte de Santander,ACTIVO
54261001,80010392771,EL ZULIA -NOTE DE SANTANDER (DPTAL ) DPTAL,A,EL ZULIA,Norte de Santander,ACTIVO
5266000,89090710651,ENVIGADO-ANTIOQUIA (MCPAL) MCPAL,A,ENVIGADO,Antioquia,ACTIVO
73268000,,ESPINAL-TOLIMA (MCPAL) MCPAL,A,ESPINAL,Tolima,ACTIVO
25269000,89999932811,FACATATIVA-CUNDINAMARCA (MCPAL) MCPAL,A,FACATATIVA,Cundinamarca,ACTIVO
18001000,80009572821,FLORENCIA-CAQUETA (MCPAL) MCPAL,A,FLORENCIA,Caqueta,ACTIVO
68276000,80011517181,FLORIDABLANCA-SANTANDER (MCPAL) MCPAL,A,FLORIDABLANCA,Santander,ACTIVO
76275000,80020710321,FLORIDA-VALLE (MCPAL) MCPAL,A,FLORIDA,Valle del Cauca,ACTIVO
73283000,80010005631,FRESNO-TOLIMA (MCPAL) MCPAL,A,FRESNO,Tolima,ACTIVO
5284000,89098370681,FRONTINO-ANTIOQUIA (MCPAL) MCPAL,A,FRONTINO,Antioquia,ACTIVO
47288000,81900570331,FUNDACION-MAGDALENA (MCPAL) MCPAL,A,FUNDACION,Magdalena,ACTIVO
25286000,,FUNZA -CUNDINAMARCA (MCPAL) MCPAL,A,FUNZA,Cundinamarca,ACTIVO
25290000,89068000841,FUSAGASUGA-CUNDINAMARCA (MCPAL) MCPAL,A,FUSAGASUGA,Cundinamarca,ACTIVO
8296000,89010247201,GALAPA-ATLANTICO (MCPAL ) MCPAL,A,GALAPA,Atlantico,ACTIVO
15299000,,GARAGOA -BOYACA (MCPAL) MCPAL,A,GARAGOA,Boyaca,ACTIVO
41298000,89118002261,GARZON-HUILA (MCPAL) MCPAL,A,GARZON,Huila,ACTIVO
5308000,89098080711,GIRARDOTA-ANTIOQUIA (MCPAL) MCPAL,A,GIRARDOTA,Antioquia,ACTIVO
25307000,80017268541,GIRARDOT-CUNDINAMARCA (MCPAL) MCPAL,A,GIRARDOT,Cundinamarca,ACTIVO
68307000,89020480261,GIRON-SANTANDER (MCPAL) MCPAL,A,GIRON,Santander,ACTIVO
50313000,89209924351,GRANADA-META (MCPAL) MCPAL,A,GRANADA,Meta,ACTIVO
76318000,,GUACARI-VALLE (MCPAL) MCPAL,A,GUACARI,Valle del Cauca,ACTIVO
52317001,80011497331,GUACHUCAL-NARIÑO (DPTAL) DPTAL,A,GUACHUCAL,Narino,ACTIVO
76111000,89138003351,GUADALAJARA DE BUGA-VALLE (MCPAL) MCPAL,A,GUADALAJARA DE BUGA,Valle del Cauca,ACTIVO
41319000,89118017791,GUADALUPE -HUILA (MCPAL) MCPAL,A,GUADALUPE,Huila,ACTIVO
50318001,,GUAMAL-META (DPTAL ) DPTAL,A,GUAMAL,Meta,ACTIVO
73319001,,GUAMO-TOLIMA (DPTAL ) DPTAL,A,GUAMO,Tolima,ACTIVO
5318001,89090028601,GUARNE -ANTIOQUIA (DPTAL ) DPTAL,A,GUARNE,Antioquia,ACTIVO
15322001,89180106981,GUATEQUE-BOYACA (DPTAL) DPTAL,A,GUATEQUE,Boyaca,ACTIVO
73349000,80010005881,HONDA-TOLIMA (MCPAL) MCPAL,A,HONDA,Tolima,ACTIVO
73001000,80016862411,IBAGUE-TOLIMA (MCPAL) MCPAL,A,IBAGUE,Tolima,ACTIVO
52354001,80011497331,IMUES-NARIÑO (DPTAL ) DPTAL,A,IMUES,Narino,ACTIVO
52356000,83700001711,IPIALES-NARIÑO (MCPAL) MCPAL,A,IPIALES,Narino,ACTIVO
27361001,,ISTMINA - CHOCO (DEPTAL) DEPTAL,A,ISTMINA,Choco,ACTIVO
5360000,80011470011,ITAGÜI-ANTIOQUIA (MCPAL) MCPAL,A,ITAGUI,Antioquia,ACTIVO
76364000,80019722401,JAMUNDI-VALLE (MCPAL) MCPAL,A,JAMUNDI,Valle del Cauca,ACTIVO
23350001,,LA APARTADA-CORDOBA (DPTAL) DPTAL,A,LA APARTADA,Cordoba,ACTIVO
25377001,83003175701,LA CALERA-CUNDINAMARCA (DPTAL) DPTAL,A,LA CALERA,Cundinamarca,ACTIVO
5376000,89098120751,LA CEJA-ANTIOQUIA (MCPAL) MCPAL,A,LA CEJA,Antioquia,ACTIVO
17380000,89080113061,LA DORADA-CALDAS (MCPAL) MCPAL,A,LA DORADA,Caldas,ACTIVO
5380000,89098078841,LA ESTRELLA-ANTIOQUIA (MCPAL ) MCPAL,A,LA ESTRELLA,Antioquia,ACTIVO
41396000,,LA PLATA -HUILA (MCPAL) MCPAL,A,LA PLATA,Huila,ACTIVO
63401000,,LA TEBAIDA-QUINDIO (MCPAL ) MCPAL,A,LA TEBAIDA,Quindio,ACTIVO
52399001,52399001,LA UNION-NARIÑO (DPTAL ) LA UNION-NARIÑO (DPTAL ) DPTAL,A,LA UNION LA UNION,Narino,ACTIVO
76400000,89190110931,LA UNION-VALLE (MCPAL) MCPAL,A,LA UNION,Valle del Cauca,ACTIVO
66400000,89148002711,LA VIRGINIA-RISARALDA (MCPAL) MCPAL,A,LA VIRGINIA,Risaralda,ACTIVO
91001000,89999930291,LETICIA-AMAZONAS (MCPAL) MCPAL,A,LETICIA,Amazonas,ACTIVO
73411000,80010006101,LIBANO-TOLIMA (MCPAL) MCPAL,A,LIBANO,Tolima,ACTIVO
23417000,80009675881,LORICA-CORDOBA (MCPAL) MCPAL,A,LORICA,Cordoba,ACTIVO
54405000,80700365941,LOS PATIOS-NORTE DE SANTANDER (MCPAL) MCPAL,A,LOS PATIOS,Norte de Santander,ACTIVO
13430000,,MAGANGUE-BOLIVAR (MCPAL) MCPAL,A,MAGANGUE,Bolivar,ACTIVO
44430000,90020062631,MAICAO-GUAJIRA (MCPAL) MCPAL,B,MAICAO,La Guajira,ACTIVO
68432000,80011493921,MALAGA-SANTANDER (MCPAL) MCPAL,A,MALAGA,Santander,ACTIVO
17001000,90015109831,MANIZALES-CALDAS (MCPAL) MCPAL,A,MANIZALES,Caldas,ACTIVO
17433000,89080250591,MANZANARES-CALDAS (MCPAL) MCPAL,A,MANZANARES,Caldas,ACTIVO
5440000,89098371611,MARINILLA-ANTIOQUIA (MCPAL) MCPAL,A,MARINILLA,Antioquia,ACTIVO
73443001,,MARIQUITA-TOLIMA (DPTAL) DPTAL,A,MARIQUITA,Tolima,ACTIVO
5001000,90007498211,MEDELLIN-ANTIOQUIA (MCPAL) MCPAL,A,MEDELLIN,Antioquia,ACTIVO
73449000,89070193341,MELGAR-TOLIMA (MCPAL) MCPAL,A,MELGAR,Tolima,ACTIVO
15455001,89180106981,MIRAFLORES-BOYACA (DPTAL ) DPTAL,A,MIRAFLORES,Boyaca,ACTIVO
19455000,,MIRANDA-CAUCA (MCPAL) MCPAL,A,MIRANDA,Cauca,ACTIVO
86001000,,MOCOA-PUTUMAYO (MCPAL) MCPAL,A,MOCOA,Putumayo,ACTIVO
13468000,890480643,MOMPOX-BOLIVAR (MCPAL) MCPAL,A,MOMPOS,Bolivar,ACTIVO
15469001,89180106981,MONIQUIRA-BOYACA (DPTAL ) DPTAL,A,MONIQUIRA,Boyaca,ACTIVO
23001000,80009673411,MONTERIA-CORDOBA (MCPAL) MCPAL,A,MONTERIA,Cordoba,ACTIVO
25473001,83003175701,MOSQUERA-CUNDINAMARCA (DPTAL) DPTAL,A,MOSQUERA,Cundinamarca,ACTIVO
86865000,8001029122,MUNICIPIO VALLE DEL GUAMUEZ DPTAL,A,VALLE DEL GUAMUEZ,Putumayo,ACTIVO
52480001,80011497331,NARIÑO-NARIÑO (DPTAL) DPTAL,A,NARINO,Narino,ACTIVO
41001000,89118000911,NEIVA-HUILA (MCPAL) MCPAL,A,NEIVA,Huila,ACTIVO
15491001,89180106981,NOBSA-BOYACA (DPTAL ) DPTAL,A,NOBSA,Boyaca,ACTIVO
54498000,89050110221,OCAÑA-NORTE DE SANTANDER (MCPAL) MCPAL,A,OCANA,Norte de Santander,ACTIVO
86320000,,ORITO-PUTUMAYO (MCPAL) MCPAL,A,ORITO,Putumayo,ACTIVO
25513000,89999947541,PACHO-CUNDINAMARCA (MCPAL) MCPAL,A,PACHO,Cundinamarca,ACTIVO
15516000,,PAIPA-BOYACA (MCPAL) MCPAL,A,PAIPA,Boyaca,ACTIVO
41524000,,PALERMO-HUILA (MPAL) MPAL,A,PALERMO,Huila,ACTIVO
76520000,80011485061,PALMIRA-VALLE (MCPAL) MCPAL,A,PALMIRA,Valle del Cauca,ACTIVO
54518000,80017921401,PAMPLONA-NORTE DE SANTANDER (MCPAL) MCPAL,A,PAMPLONA,Norte de Santander,ACTIVO
52001000,80022369651,PASTO-NARIÑO (MCPAL) MCPAL,A,PASTO,Narino,ACTIVO
19532000,89150219481,PATIA (EL BORDO)-CAUCA (MCPAL) MCPAL,A,PATIA,Cauca,ACTIVO
18256001,,PAUJIL-CAQUETA (DPTAL) DPTAL,A,EL PAUJIL,Caqueta,ACTIVO
134,816000558,PEREIRA-RISARALDA (MCPAL) MCPAL,A,PEREIRA,Risaralda,ACTIVO
66001000,816000558,PEREIRA-RISARALDA (MCPAL) MCPAL,A,PEREIRA,Risaralda,ACTIVO
68547000,89020538361,PIEDECUESTA-SANTANDER (MCPAL) MCPAL,A,PIEDECUESTA,Santander,ACTIVO
19548000,89150085661,PIENDAMO -CAUCA (MCPAL) MCPAL,A,PIENDAMO,Cauca,ACTIVO
41551000,89118007701,PITALITO-HUILA (MCPAL) MCPAL,A,PITALITO,Huila,ACTIVO
23555000,,PLANETA RICA-CORDOBA (MCPAL) MCPAL,A,PLANETA RICA,Cordoba,ACTIVO
47555000,89178005141,PLATO-MAGDALENA (MCPAL) MCPAL,A,PLATO,Magdalena,ACTIVO
19001000,89158000641,POPAYAN-CAUCA (MCPAL) MCPAL,A,POPAYAN,Cauca,ACTIVO
76563000,89138011501,PRADERA-VALLE (MCPAL) MCPAL,A,PRADERA,Valle del Cauca,ACTIVO
86568000,89120046131,PUERTO ASIS-PUTUMAYO (MCPAL) MCPAL,A,PUERTO ASIS,Putumayo,ACTIVO
5579000,80011470241,PUERTO BERRIO-ANTIOQUIA (MCPAL) MCPAL,A,PUERTO BERRIO,Antioquia,ACTIVO
15572000,89180046641,PUERTO BOYACA-BOYACA (MCPAL) MCPAL,A,PUERTO BOYACA,Boyaca,ACTIVO
8573000,80009438621,PUERTO COLOMBIA-ATLANTICO (MCPAL ) MCPAL,A,PUERTO COLOMBIA,Atlantico,ACTIVO
94001000,,PUERTO INIRIDA-GUAINIA (MCPAL) MCPAL,B,INIRIDA,Guainia,ACTIVO
19573000,,PUERTO TEJADA-CAUCA (MCPAL) MCPAL,A,PUERTO TEJADA,Cauca,ACTIVO
52585001,80011497331,PUPIALES-NARIÑO (DPTAL ) DPTAL,A,PUPIALES,Narino,ACTIVO
73585001,,PURIFICACION-TOLIMA (DPTAL ) DPTAL,A,PURIFICACION,Tolima,ACTIVO
63594000,89000061341,QUIMBAYA-QUINDIO (MCPAL) MCPAL,A,QUIMBAYA,Quindio,ACTIVO
15599001,89180106981,RAMIRIQUI-BOYACA (DPTAL) DPTAL,A,RAMIRIQUI,Boyaca,ACTIVO
50606001,80004763511,RESTREPO-META (DPTAL) DPTAL,A,RESTREPO,Meta,ACTIVO
25612001,83003175701,RICAURTE-CUNDINAMARCA (DPTAL) DPTAL,A,RICAURTE,Cundinamarca,ACTIVO
44001000,892115015,RIOHACHA-GUAJIRA (MCPAL) MCPAL,A,RIOHACHA,La Guajira,ACTIVO
5615000,89090731721,RIONEGRO-ANTIOQUIA (MCPAL) MCPAL,A,RIONEGRO,Antioquia,ACTIVO
17614000,89240003821,RIOSUCIO-CALDAS (MCPAL) MCPAL,A,RIOSUCIO,Caldas,ACTIVO
41615000,,RIVERA - HUILA (DPTAL) DPTAL,A,RIVERA,Huila,ACTIVO
76622000,,ROLDANILLO-VALLE (MCPAL) MCPAL,A,ROLDANILLO,Valle del Cauca,ACTIVO
8634001,80011510211,SABANAGRANDE -ATLANTICO (DPTAL ) DPTAL,A,SABANAGRANDE,Atlantico,ACTIVO
5631000,81100156011,SABANETA-ANTIOQUIA (MCPAL) MCPAL,A,SABANETA,Antioquia,ACTIVO
15632001,89180106981,SABOYA-BOYACA (DPTAL) DPTAL,A,SABOYA,Boyaca,ACTIVO
23660000,,SAHAGUN-CORDOBA (DPTAL) DPTAL,A,SAHAGUN,Cordoba,ACTIVO
17653000,89080113131,SALAMINA-CALDAS (MCPAL) MCPAL,A,SALAMINA,Caldas,ACTIVO
52678001,80011497331,SAMANIEGO-NARIÑO (DPTAL ) DPTAL,A,SAMANIEGO,Narino,ACTIVO
70670001,892280021,SAMPUES-SUCRE (DPTAL) DPTAL,A,SAMPUES,Sucre,ACTIVO
88001001,89240003821,SAN ANDRES ISLAS-SAN ANDRES Y PROVIDENCIA (DPTAL) DPTAL,A,"SAN ANDRES 1 Archipielago de San Andres,",Providencia,ACTIVO
68679000,11009492271,SAN GIL-SANTANDER (MCPAL) MCPAL,A,SAN GIL,Santander,ACTIVO
95001000,80010318021,SAN JOSE DEL GUAVIARE-GUAVIARE (MCPAL) MCPAL,A,SAN JOSE DEL GUAVIARE,Guaviare,ACTIVO
68689000,80009982961,SAN VICENTE DE CHUCURI-SANTANDER (MCPAL) MCPAL,A,SAN VICENTE DE CHUCURI,Santander,ACTIVO
18753001,,SAN VICENTE DEL CAGUAN -CAQUETA (DPTAL ) DPTAL,A,SAN VICENTE DEL CAGUAN,Caqueta,ACTIVO
52683001,52683001,80011497331 80011497331 SANDONA-NARIÑO (DPTAL ) SANDONA-NARIÑO (DPTAL ) DPTAL,A,SANDONA SANDONA,Narino,ACTIVO
47001000,89178000941,SANTA MARTA-MAGDALENA (MCPAL) MCPAL,A,SANTA MARTA,Magdalena,ACTIVO
66682000,89148003341,SANTA ROSA DE CABAL-RISARALDA (MCPAL) MCPAL,A,SANTA ROSA DE CABAL,Risaralda,ACTIVO
5686000,89098155461,SANTA ROSA DE OSOS-ANTIOQUIA (MCPAL) MCPAL,A,SANTA ROSA DE OSOS,Antioquia,ACTIVO
15693001,89180106981,SANTA ROSA DE VITERBO-BOYACA (DPTAL) DPTAL,A,SANTA ROSA DE VITERBO,Boyaca,ACTIVO
5042000,89090756911,SANTAFE DE ANTIOQUIA-ANTIOQUIA (MCPAL) MCPAL,A,SANTAFE DE ANTIOQUIA,Antioquia,ACTIVO
19698000,89150026921,SANTANDER DE QUILICHAO-CAUCA (MCPAL) MCPAL,A,SANTANDER DE QUILICHAO,Cauca,ACTIVO
81736000,80010279961,SARAVENA-ARAUCA (MCPAL) MCPAL,B,SARAVENA,Arauca,ACTIVO
76736000,80010052701,SEVILLA-VALLE (MCPAL) MCPAL,A,SEVILLA,Valle del Cauca,ACTIVO
70001000,80010406261,SINCELEJO-SUCRE (MCPAL) MCPAL,A,SINCELEJO,Sucre,ACTIVO
25754001,83003175701,SOACHA-CUNDINAMARCA (DPTAL) DPTAL,A,SOACHA,Cundinamarca,ACTIVO
15753001,89180106981,SOATA-BOYACA (DPTAL) DPTAL,A,SOATA,Boyaca,ACTIVO
68755000,,SOCORRO-SANTANDER (MCPAL) MCPAL,A,SOCORRO,Santander,ACTIVO
15759000,82600022641,SOGAMOSO-BOYACA (MCPAL) MCPAL,A,SOGAMOSO,Boyaca,ACTIVO
8758000,802021451,SOLEDAD-ATLANTICO (MCPAL) MCPAL,A,SOLEDAD,Atlantico,ACTIVO
5756000,890098035,SONSON-ANTIOQUIA (MCPAL) MCPAL,A,SONSON,Antioquia,ACTIVO
81794000,,TAME-ARAUCA (MCPAL) MCPAL,B,TAME,Arauca,ACTIVO
41807001,80011500531,TIMANA-HUILA (DPTAL) DPTAL,A,TIMANA,Huila,ACTIVO
19807000,,TIMBIO-CAUCA (MCPAL) MCPAL,A,TIMBIO,Cauca,ACTIVO
76834000,89190027211,TULUA-VALLE (MCPAL) MCPAL,A,TULUA,Valle del Cauca,ACTIVO
52835000,89120091621,TUMACO-NARIÑO (MCPAL) MCPAL,A,TUMACO,Narino,ACTIVO
15001000,80012260901,TUNJA-BOYACA (MCPAL) MCPAL,A,TUNJA,Boyaca,ACTIVO
52838000,80009915291,TUQUERRES-NARIÑO (MCPAL) MCPAL,A,TUQUERRES,Narino,ACTIVO
13836000,89048114901,TURBACO-BOLIVAR (MCPAL) MCPAL,A,TURBACO,Bolivar,ACTIVO
5837000,40390899,TURBO-ANTIOQUIA (MCPAL) MCPAL,A,TURBO,Antioquia,ACTIVO
25843000,89999928121,UBATE-CUNDINAMARCA (MCPAL) MCPAL,A,UBATE,Cundinamarca,ACTIVO
5847000,89090751541,URRAO-ANTIOQUIA (MCPAL) MCPAL,A,URRAO,Antioquia,ACTIVO
20001000,80009891181,VALLEDUPAR-CESAR (MCPAL) MCPAL,A,VALLEDUPAR,Cesar,ACTIVO
68861000,89020567761,VELEZ-SANTANDER (MCPAL) MCPAL,A,VELEZ,Santander,ACTIVO
15407001,89180106981,VILLA DE LEYVA-BOYACA (DPTAL ) DPTAL,A,VILLA DE LEYVA,Boyaca,ACTIVO
54874001,,VILLA DEL ROSARIO - NORTE DE SANTANDER (DPTAL)DPTAL,A,VILLA DEL ROSARIO,Norte de Santander,ACTIVO
54874000,90000481111,VILLA DEL ROSARIO-NORTE DE SANTANDER (MCPAL) MCPAL,A,VILLA DEL ROSARIO,Norte de Santander,ACTIVO
17873001,89080105211,VILLAMARIA-CALDAS (DPTAL) DPTAL,A,VILLAMARIA,Caldas,ACTIVO
50001000,80011498441,VILLAVICENCIO-META (MCPAL) MCPAL,A,VILLAVICENCIO,Meta,ACTIVO
25875001,83003175701,VILLETA-CUNDINAMARCA (DPTAL) DPTAL,A,VILLETA,Cundinamarca,ACTIVO
5887000,89098009611,YARUMAL-ANTIOQUIA (MCPAL) MCPAL,A,YARUMAL,Antioquia,ACTIVO
85001000,89185501771,YOPAL-CASANARE (MCPAL) MCPAL,A,YOPAL,Casanare,ACTIVO
76892000,89039902561,YUMBO-VALLE (MCPAL) MCPAL,A,YUMBO,Valle del Cauca,ACTIVO
76895000,,ZARZAL-VALLE (MCPAL) MCPAL,A,ZARZAL,Valle del Cauca,ACTIVO
25899001,83003175701,ZIPAQUIRA-CUNDINAMARCA (DPTAL ) DPTAL,A,ZIPAQUIRA,Cundinamarca,ACTIVO
