CIUDAD,DEPARTAMENTO,LAT,LNG
LETICIA,Amazonas,-4.2129211,-69.9425963
AMALFI,Antioquia,6.9070097,-75.0735908
ANDES,Antioquia,5.6556134,-75.8776753
APARTADO,Antioquia,7.8849011,-76.6227461
BARBOSA,Antioquia,6.4370185,-75.3313779
BELLO,Antioquia,6.334997,-75.5582665
CALDAS,Antioquia,6.0918609,-75.6356917
CAREPA,Antioquia,7.7984516,-76.7460389
CAUCASIA,Antioquia,7.9877579,-75.1983745
CHIGORODO,Antioquia,7.6129384,-76.638426
CIUDAD BOLIVAR,Antioquia,5.8500342,-76.0208666
COPACABANA,Antioquia,6.3461047,-75.5080262
EL CARMEN DE VIBORAL,Antioquia,6.0833063,-75.3353501
EL SANTUARIO,Antioquia,6.1221525,-75.2653958
ENVIGADO,Antioquia,6.1701348,-75.587415
FRONTINO,Antioquia,6.7721761,-76.1311575
GIRARDOTA,Antioquia,6.3773809,-75.4459762
GUARNE,Antioquia,6.2800171,-75.4426875
ITAGUI,Antioquia,6.1724352,-75.6093254
LA CEJA,Antioquia,5.9843083,-75.4475229
LA ESTRELLA,Antioquia,6.1576781,-75.6433878
MARINILLA,Antioquia,6.1736417,-75.3346548
MEDELLIN,Antioquia,6.2697324,-75.6025597
PUERTO BERRIO,Antioquia,6.4899205,-74.4020634
RIONEGRO,Antioquia,6.1536166,-75.3741691
SABANETA,Antioquia,6.1515344,-75.6153715
SANTA ROSA DE OSOS,Antioquia,6.6453171,-75.4614576
SANTAFE DE ANTIOQUIA,Antioquia,6.5564008,-75.8277746
SONSON,Antioquia,5.7106659,-75.3103532
TURBO,Antioquia,8.0952972,-76.7289956
URRAO,Antioquia,6.3168685,-76.1344983
YARUMAL,Antioquia,6.9625927,-75.4165529
ARAUCA,Arauca,7.0851994,-70.7577762
SARAVENA,Arauca,6.9564869,-71.8754665
TAME,Arauca,6.4615184,-71.7314377
BARRANQUILLA,Atlantico,10.9938599,-74.7926118
GALAPA,Atlantico,10.8994371,-74.8864007
PUERTO COLOMBIA,Atlantico,10.9891292,-74.955414
SABANAGRANDE,Atlantico,10.8040818,-74.774451
SOLEDAD,Atlantico,10.9149593,-74.7821054
ARJONA,Bolivar,10.2534632,-75.3427213
CARTAGENA,Bolivar,10.4265566,-75.5441671
EL CARMEN DE BOLIVAR,Bolivar,9.7169432,-75.1221847
MAGANGUE,Bolivar,9.2412097,-74.7567413
MOMPOS,Bolivar,9.2415432,-74.4251072
TURBACO,Bolivar,10.3305871,-75.4127345
CHIQUINQUIRA,Boyaca,5.6234945,-73.8209479
COMBITA,Boyaca,5.6916169,-73.309147
DUITAMA,Boyaca,5.8973422,-73.0691371
GARAGOA,Boyaca,5.0822246,-73.3643092
GUATEQUE,Boyaca,5.0226102,-73.4919902
MIRAFLORES,Boyaca,5.1514125,-73.1705152
MONIQUIRA,Boyaca,5.8763096,-73.5732077
NOBSA,Boyaca,5.7705609,-72.9397458
PAIPA,Boyaca,5.7812701,-73.1176532
PUERTO BOYACA,Boyaca,5.9756376,-74.5882837
RAMIRIQUI,Boyaca,5.3291259,-73.304206
SABOYA,Boyaca,5.704371,-73.741339
SANTA ROSA DE VITERBO,Boyaca,5.8744825,-72.9823638
SOATA,Boyaca,6.3218894,-72.7009715
SOGAMOSO,Boyaca,5.7148307,-72.9279328
TUNJA,Boyaca,5.5324313,-73.3616014
VILLA DE LEYVA,Boyaca,5.6619877,-73.5283801
AGUADAS,Caldas,5.613113,-75.4575902
ANSERMA,Caldas,5.2295674,-75.7878384
ARANZAZU,Caldas,5.2711368,-75.4904079
CHINCHINA,Caldas,4.9830232,-75.6054129
LA DORADA,Caldas,5.4457655,-74.6618458
MANIZALES,Caldas,5.0743694,-75.5081167
MANZANARES,Caldas,5.253198,-75.1544544
RIOSUCIO,Caldas,5.4209549,-75.7030623
SALAMINA,Caldas,5.4078495,-75.4880496
VILLAMARIA,Caldas,5.0449697,-75.5151258
EL PAUJIL,Caqueta,1.7736305,-75.3743579
FLORENCIA,Caqueta,1.6158666,-75.6143045
SAN VICENTE DEL CAGUAN,Caqueta,2.1131213,-74.7697347
AGUAZUL,Casanare,5.1708408,-72.550846
YOPAL,Casanare,5.237236,-72.2399158
BOLIVAR,Cauca,1.8733279,-76.9919324
CALOTO,Cauca,3.0336985,-76.4085199
EL TAMBO,Cauca,2.4511923,-76.8117409
MIRANDA,Cauca,3.2511475,-76.2291572
PATIA,Cauca,2.07501,-77.0616762
PIENDAMO,Cauca,2.6404294,-76.5325746
POPAYAN,Cauca,2.4422295,-76.6072368
PUERTO TEJADA,Cauca,3.2288972,-76.4192267
SANTANDER DE QUILICHAO,Cauca,3.0075752,-76.4856531
TIMBIO,Cauca,2.3528374,-76.683012
AGUACHICA,Cesar,8.309416,-73.603699
BOSCONIA,Cesar,9.9284449,-73.8587145
VALLEDUPAR,Cesar,10.3431115,-73.3757934
ISTMINA,Choco,5.1593099,-76.685528
CERETE,Cordoba,8.8852282,-75.7922421
CHINU,Cordoba,9.1063553,-75.3989007
LA APARTADA,Cordoba,8.0484697,-75.333651
LORICA,Cordoba,9.2394583,-75.8139786
MONTERIA,Cordoba,8.7509361,-75.8786806
PLANETA RICA,Cordoba,8.4076739,-75.5840456
SAHAGUN,Cordoba,8.9472964,-75.4434972
BOGOTA, Cundinamarca,4.7776371,-74.117302
CAQUEZA,Cundinamarca,4.4057096,-73.9459215
CHIA,Cundinamarca,4.8660334,-74.0306281
CHOCONTA,Cundinamarca,5.1459409,-73.6839512
COTA,Cundinamarca,4.8083869,-74.1036768
EL ROSAL,Cundinamarca,4.884139,-74.2362991
FACATATIVA,Cundinamarca,4.8097276,-74.3541838
FUNZA,Cundinamarca,4.7177471,-74.2031547
FUSAGASUGA,Cundinamarca,4.3449509,-74.3674249
GIRARDOT,Cundinamarca,4.3046383,-74.8030739
LA CALERA,Cundinamarca,4.7068245,-73.9320846
MOSQUERA,Cundinamarca,4.7002001,-74.2385058
PACHO,Cundinamarca,5.1301473,-74.1583128
RICAURTE,Cundinamarca,4.2777357,-74.7718165
SOACHA,Cundinamarca,4.5826886,-74.2117781
UBATE,Cundinamarca,5.3085888,-73.8143002
VILLETA,Cundinamarca,5.0112575,-74.4702304
ZIPAQUIRA,Cundinamarca,5.0234748,-74.0039818
INIRIDA,Guainia,3.8650368,-67.9259848
SAN JOSE DEL GUAVIARE,Guaviare,2.5716141,-72.6426515
CAMPOALEGRE,Huila,2.6851032,-75.3263227
GARZON,Huila,2.1960126,-75.6274845
GUADALUPE,Huila,2.0248785,-75.7564049
LA PLATA,Huila,2.3894154,-75.8926236
NEIVA,Huila,2.9257038,-75.2893937
PALERMO,Huila,2.8896962,-75.4346589
PITALITO,Huila,1.8447122,-76.0456886
RIVERA,Huila,2.7776396,-75.2572183
TIMANA,Huila,1.9501689,-75.9265797
MAICAO,La Guajira,11.3773054,-72.2387633
RIOHACHA,La Guajira,11.2361913,-72.8820456
ARACATACA,Magdalena,10.5906011,-74.1876803
CIENAGA,Magdalena,11.0107899,-74.2516386
EL BANCO,Magdalena,9.0049173,-73.9738472
FUNDACION,Magdalena,10.5155669,-74.1901088
PLATO,Magdalena,9.7904163,-74.7820016
SANTA MARTA,Magdalena,11.2320944,-74.1950916
ACACIAS,Meta,3.9887317,-73.767432
GRANADA,Meta,3.548259,-73.7051174
GUAMAL,Meta,3.8772676,-73.770142
RESTREPO,Meta,4.2597265,-73.5654839
VILLAVICENCIO,Meta,4.1347644,-73.6201517
BUESACO,Narino,1.384101,-77.156619
GUACHUCAL,Narino,0.9573434,-77.7333581
IMUES,Narino,1.0693749,-77.504296
IPIALES,Narino,0.8236501,-77.6348556
LA UNION LA UNION,Narino,1.6032723,-77.1315447
NARINO,Narino,1.2906755,-77.3578572
PASTO,Narino,1.2140275,-77.2785096
PUPIALES,Narino,0.8707969,-77.6419358
SAMANIEGO,Narino,1.3389525,-77.5933795
SANDONA,Narino,1.2863843,-77.4710722
SANDONA SANDONA,Narino,1.2863843,-77.4710722
TUMACO,Narino,1.8062887,-78.7649814
TUQUERRES,Narino,1.0877024,-77.6188242
CONVENCION,Norte de Santander,8.4662543,-73.3362193
CUCUTA,Norte de Santander,8.0776187,-72.4689002
EL ZULIA,Norte de Santander,8.0954887,-72.6463775
LOS PATIOS,Norte de Santander,7.8342202,-72.5059128
OCANA,Norte de Santander,8.2354064,-73.3538495
PAMPLONA,Norte de Santander,7.3763807,-72.6482628
VILLA DEL ROSARIO,Norte de Santander,7.8318933,-72.4717181
SAN ANDRES, Archipielago de San Andres Providencia,12.5830104,-81.6975682
MOCOA,Putumayo,1.1466295,-76.6482327
ORITO,Putumayo,0.6686314,-76.8749187
PUERTO ASIS,Putumayo,0.4979751,-76.4951418
VALLE DEL GUAMUEZ,Putumayo,0.4493223,-76.8784528
ARMENIA,Quindio,4.4919894,-75.7413961
CALARCA,Quindio,4.5305855,-75.640632
CIRCASIA,Quindio,4.6075667,-75.6667067
LA TEBAIDA,Quindio,4.4512175,-75.7887314
QUIMBAYA,Quindio,4.6231176,-75.7637346
DOSQUEBRADAS,Risaralda,4.8339551,-75.6713013
LA VIRGINIA,Risaralda,4.8995993,-75.8825661
PEREIRA,Risaralda,4.7854606,-75.788322
SANTA ROSA DE CABAL,Risaralda,4.8650708,-75.6211554
BARBOSA,Santander,5.9326035,-73.6124368
BARRANCABERMEJA,Santander,7.0673313,-73.8525627
BUCARAMANGA,Santander,7.1669842,-73.1047294
CHARALA,Santander,6.2881742,-73.148289
FLORIDABLANCA,Santander,7.0625677,-73.0859086
GIRON,Santander,7.069069,-73.1700282
MALAGA,Santander,6.699661,-72.7324563
PIEDECUESTA,Santander,6.9874808,-73.0504129
SAN GIL,Santander,6.5552856,-73.1312353
SAN VICENTE DE CHUCURI,Santander,6.9287793,-73.5207543
SOCORRO,Santander,6.470518,-73.2623187
VELEZ,Santander,6.1354127,-73.8342096
COROZAL,Sucre,9.3192389,-75.2947262
SAMPUES,Sucre,9.1845583,-75.3802368
SINCELEJO,Sucre,9.2973386,-75.3926601
ALVARADO,Tolima,4.567169,-74.9538251
ARMERO,Tolima,5.0301119,-74.8835029
CHAPARRAL,Tolima,3.7245851,-75.485156
ESPINAL,Tolima,4.1503044,-74.8845895
FRESNO,Tolima,5.1516594,-75.0366354
GUAMO,Tolima,4.0303906,-74.9679007
HONDA,Tolima,5.210419,-74.7361921
IBAGUE,Tolima,4.4386033,-75.2108857
LIBANO,Tolima,4.9229399,-75.0647738
MARIQUITA,Tolima,5.1974195,-74.8939527
MELGAR,Tolima,4.2039758,-74.6429479
PURIFICACION,Tolima,3.8582108,-74.9308216
ANDALUCIA,Valle del Cauca,4.1694199,-76.1670623
BUENAVENTURA,Valle del Cauca,3.8881929,-77.0738324
CAICEDONIA,Valle del Cauca,4.3076028,-75.8397908
CALI,Valle del Cauca,3.4108435,-76.5812127
CANDELARIA,Valle del Cauca,3.4090481,-76.347379
CARTAGO,Valle del Cauca,4.7106593,-75.9323875
EL CERRITO,Valle del Cauca,3.6829185,-76.3071487
FLORIDA,Valle del Cauca,3.3004741,-76.1897061
GUACARI,Valle del Cauca,3.7630235,-76.3344854
GUADALAJARA DE BUGA,Valle del Cauca,3.9000578,-76.302013
JAMUNDI,Valle del Cauca,3.2618357,-76.5407975
LA UNION,Valle del Cauca,4.5373411,-76.104472
PALMIRA,Valle del Cauca,3.5308373,-76.2988048
PRADERA,Valle del Cauca,3.4196687,-76.2424378
ROLDANILLO,Valle del Cauca,4.4091166,-76.1543744
SEVILLA,Valle del Cauca,4.2645071,-75.934396
TULUA,Valle del Cauca,4.0856667,-76.1972779
YUMBO,Valle del Cauca,3.5834664,-76.4952223
ZARZAL,Valle del Cauca,4.393943,-76.0706472
